dataset,alpha,seed,rho,target_fnr,defer_budget,defer_rule,gate,human_accuracy,n_banks,n_banks_with_fraud,n_banks_audited,n_banks_fallback_threshold,n_banks_split_ok,defer_frac,miss_rate_audit,miss_rate_policy,coverage_valid_frac,expected_cost,expected_cost_per_txn,aurc,auto_clear_at_recall80,fpr_at_recall80,achieved_recall80,defer_jain,fpr_gap
ulb,0.05,0,1.0,0.1,0.05,band,brier,1.0,4,3,4,3,1,0.04809160030396353,0.23076923076923078,0.15384615384615385,0.3333333333333333,539.75,0.012633414474300159,0.0028821754860839013,0.9986190431607528,0.0004452568428946382,0.7692307692307693,0.9879749233282598,0.0014039685511044553
ulb,0.05,0,2.0,0.1,0.05,band,brier,1.0,4,3,4,3,1,0.04809160030396353,0.23076923076923078,0.15384615384615385,0.3333333333333333,547.75,0.01282066285928284,0.0029028143980567335,0.9986190431607528,0.0004452568428946382,0.7692307692307693,0.9879749233282598,0.0014039685511044553
ulb,0.05,0,5.0,0.1,0.05,band,brier,1.0,4,3,4,3,1,0.04809160030396353,0.23076923076923078,0.15384615384615385,0.3333333333333333,571.75,0.013382408014230877,0.0029647311339752297,0.9986190431607528,0.0004452568428946382,0.7692307692307693,0.9879749233282598,0.0014039685511044553
ulb,0.05,0,10.0,0.1,0.05,band,brier,1.0,4,3,4,3,1,0.04809160030396353,0.23076923076923078,0.15384615384615385,0.3333333333333333,611.75,0.014318649939144276,0.00306792569383939,0.9986190431607528,0.0004452568428946382,0.7692307692307693,0.9879749233282598,0.0014039685511044553
ulb,0.05,0,20.0,0.1,0.05,band,brier,1.0,4,3,4,3,1,0.04799827036894156,0.23076923076923078,0.15384615384615385,0.3333333333333333,694.75,0.016261351933339576,0.0038891280249255685,0.9986190431607528,0.0004452568428946382,0.7692307692307693,0.9881388473570766,0.0016847622613253464
ulb,0.05,0,50.0,0.1,0.05,band,brier,1.0,4,3,4,3,1,0.04746215564846429,0.23076923076923078,0.15384615384615385,0.3333333333333333,956.0,0.022376182005430203,0.007502049059412191,0.9986190431607528,0.0004452568428946382,0.7692307692307693,0.9895214688152749,0.00355672032946462
ulb,0.05,1,1.0,0.1,0.05,band,brier,1.0,4,1,4,3,1,0.03397470462069536,0.07692307692307693,0.07692307692307693,1.0,2562.25,0.05997355054654402,0.08572307826873367,0.9984551646654027,0.0005858779967659535,0.7884615384615384,0.7480327032505945,0.18297482404261337
ulb,0.05,1,2.0,0.1,0.05,band,brier,1.0,4,1,4,3,1,0.03397470462069536,0.07692307692307693,0.07692307692307693,1.0,2566.25,0.060067176930459,0.08573403951140396,0.9984551646654027,0.0005858779967659535,0.7884615384615384,0.7480327032505945,0.18297482404261337
ulb,0.05,1,5.0,0.1,0.05,band,brier,1.0,4,1,4,3,1,0.03397470462069536,0.07692307692307693,0.07692307692307693,1.0,2578.25,0.06034805608220396,0.08576692323941484,0.9984551646654027,0.0005858779967659535,0.7884615384615384,0.7480327032505945,0.18297482404261337
ulb,0.05,1,10.0,0.1,0.05,band,brier,1.0,4,1,4,3,1,0.03397470462069536,0.07692307692307693,0.07692307692307693,1.0,2598.25,0.060816188001778904,0.08582172945276631,0.9984551646654027,0.0005858779967659535,0.7884615384615384,0.7480327032505945,0.18297482404261337
ulb,0.05,1,20.0,0.1,0.05,band,brier,1.0,4,1,4,3,1,0.03397470462069536,0.07692307692307693,0.07692307692307693,1.0,2638.25,0.06175245184092877,0.08593134187946926,0.9984551646654027,0.0005858779967659535,0.7884615384615384,0.7480327032505945,0.18297482404261337
ulb,0.05,1,50.0,0.1,0.05,band,brier,1.0,4,1,4,3,1,0.03397470462069536,0.07692307692307693,0.07692307692307693,1.0,2758.25,0.06456124335837839,0.08626017915957808,0.9984551646654027,0.0005858779967659535,0.7884615384615384,0.7480327032505945,0.18297482404261337
ulb,0.05,2,1.0,0.1,0.05,band,brier,1.0,4,2,4,3,1,0.04069753723789535,0.07692307692307693,0.057692307692307696,0.5,2534.75,0.05932570331882226,0.1161376888035137,0.9991808266629219,0.0,0.6730769230769231,0.9957890488486912,0.1956196181205541
ulb,0.05,2,2.0,0.1,0.05,band,brier,1.0,4,2,4,3,1,0.04069753723789535,0.07692307692307693,0.057692307692307696,0.5,2537.75,0.0593959181762861,0.11617012962881146,0.9991808266629219,0.0,0.6730769230769231,0.9957890488486912,0.1956196181205541
ulb,0.05,2,5.0,0.1,0.05,band,brier,1.0,4,2,4,3,1,0.04069753723789535,0.07692307692307693,0.057692307692307696,0.5,2546.75,0.05960656274867762,0.11626745210470467,0.9991808266629219,0.0,0.6730769230769231,0.9957890488486912,0.1956196181205541
ulb,0.05,2,10.0,0.1,0.05,band,brier,1.0,4,2,4,3,1,0.04069753723789535,0.07692307692307693,0.057692307692307696,0.5,2561.75,0.05995763703599682,0.11642965623119336,0.9991808266629219,0.0,0.6730769230769231,0.9957890488486912,0.1956196181205541
ulb,0.05,2,20.0,0.1,0.05,band,brier,1.0,4,2,4,3,1,0.04069753723789535,0.07692307692307693,0.057692307692307696,0.5,2591.75,0.06065978561063521,0.11675406448417075,0.9991808266629219,0.0,0.6730769230769231,0.9957890488486912,0.1956196181205541
ulb,0.05,2,50.0,0.1,0.05,band,brier,1.0,4,2,4,3,1,0.04069753723789535,0.07692307692307693,0.057692307692307696,0.5,2681.75,0.06276623133455039,0.11772728924310288,0.9991808266629219,0.0,0.6730769230769231,0.9957890488486912,0.1956196181205541
ulb,0.05,3,1.0,0.1,0.05,band,brier,1.0,4,1,4,3,1,0.045361451122193225,0.21153846153846154,0.1346153846153846,0.0,519.5,0.012159157401989468,0.004249628016031193,0.9990169689877121,7.030206453729525e-05,0.75,0.994223115691091,0.002433545488581056
ulb,0.05,3,2.0,0.1,0.05,band,brier,1.0,4,1,4,3,1,0.045361451122193225,0.21153846153846154,0.1346153846153846,0.0,526.5,0.012322995904037449,0.00425741331749469,0.9990169689877121,7.030206453729525e-05,0.75,0.994223115691091,0.002433545488581056
ulb,0.05,3,5.0,0.1,0.05,band,brier,1.0,4,1,4,3,1,0.045361451122193225,0.21153846153846154,0.1346153846153846,0.0,547.5,0.012814511410181393,0.004280769221885184,0.9990169689877121,7.030206453729525e-05,0.75,0.994223115691091,0.002433545488581056
ulb,0.05,3,10.0,0.1,0.05,band,brier,1.0,4,1,4,3,1,0.045361451122193225,0.21153846153846154,0.1346153846153846,0.0,582.5,0.013633703920421299,0.004319695729202672,0.9990169689877121,7.030206453729525e-05,0.75,0.994223115691091,0.002433545488581056
ulb,0.05,3,20.0,0.1,0.05,band,brier,1.0,4,1,4,3,1,0.045361451122193225,0.21153846153846154,0.1346153846153846,0.0,652.5,0.015272088940901112,0.00439754874383765,0.9990169689877121,7.030206453729525e-05,0.75,0.994223115691091,0.002433545488581056
ulb,0.05,3,50.0,0.1,0.05,band,brier,1.0,4,1,4,3,1,0.046106607605054625,0.21153846153846154,0.1346153846153846,0.0,888.5,0.020795787009947338,0.00729102378512487,0.9990169689877121,7.030206453729525e-05,0.75,0.9942782079428133,0.0041183077499064025
ulb,0.05,42,1.0,0.1,0.05,band,brier,1.0,4,1,4,3,1,0.04726453783666042,0.09615384615384616,0.07692307692307693,1.0,1013.0,0.023709771796372146,0.037659834504613736,0.9992042129900527,0.0,0.6538461538461539,0.9866866652732803,0.04605016847622613
ulb,0.05,42,2.0,0.1,0.05,band,brier,1.0,4,1,4,3,1,0.04726453783666042,0.09615384615384616,0.07692307692307693,1.0,1017.0,0.023803393797542424,0.037663507540114514,0.9992042129900527,0.0,0.6538461538461539,0.9866866652732803,0.04605016847622613
ulb,0.05,42,5.0,0.1,0.05,band,brier,1.0,4,1,4,3,1,0.04726453783666042,0.09615384615384616,0.07692307692307693,1.0,1029.0,0.024084259801053248,0.03767452664661684,0.9992042129900527,0.0,0.6538461538461539,0.9866866652732803,0.04605016847622613
ulb,0.05,42,10.0,0.1,0.05,band,brier,1.0,4,1,4,3,1,0.04726453783666042,0.09615384615384616,0.07692307692307693,1.0,1049.0,0.024552369806904624,0.03769289182412073,0.9992042129900527,0.0,0.6538461538461539,0.9866866652732803,0.04605016847622613
ulb,0.05,42,20.0,0.1,0.05,band,brier,1.0,4,1,4,3,1,0.04726453783666042,0.09615384615384616,0.07692307692307693,1.0,1089.0,0.025488589818607372,0.037729622179128494,0.9992042129900527,0.0,0.6538461538461539,0.9866866652732803,0.04605016847622613
ulb,0.05,42,50.0,0.1,0.05,band,brier,1.0,4,1,4,3,1,0.04726453783666042,0.09615384615384616,0.07692307692307693,1.0,1209.0,0.028297249853715623,0.03783981324415181,0.9992042129900527,0.0,0.6538461538461539,0.9866866652732803,0.04605016847622613
ulb,0.1,0,1.0,0.1,0.05,band,brier,1.0,4,1,4,3,1,0.043590907378789255,0.09615384615384616,0.07692307692307693,1.0,1379.5,0.03228788765359859,0.06070827879443613,0.9990871854885898,2.343402151243175e-05,0.7307692307692307,0.9906627598808919,0.082739809274807
ulb,0.1,0,2.0,0.1,0.05,band,brier,1.0,4,1,4,3,1,0.043590907378789255,0.09615384615384616,0.07692307692307693,1.0,1383.5,0.032381509654768874,0.06071630014960506,0.9990871854885898,2.343402151243175e-05,0.7307692307692307,0.9906627598808919,0.082739809274807
ulb,0.1,0,5.0,0.1,0.05,band,brier,1.0,4,1,4,3,1,0.043590907378789255,0.09615384615384616,0.07692307692307693,1.0,1395.5,0.032662375658279695,0.06074036421511184,0.9990871854885898,2.343402151243175e-05,0.7307692307692307,0.9906627598808919,0.082739809274807
ulb,0.1,0,10.0,0.1,0.05,band,brier,1.0,4,1,4,3,1,0.043590907378789255,0.09615384615384616,0.07692307692307693,1.0,1415.5,0.03313048566413107,0.06078047099095648,0.9990871854885898,2.343402151243175e-05,0.7307692307692307,0.9906627598808919,0.082739809274807
ulb,0.1,0,20.0,0.1,0.05,band,brier,1.0,4,1,4,3,1,0.043590907378789255,0.09615384615384616,0.07692307692307693,1.0,1455.5,0.03406670567583382,0.06086068454264575,0.9990871854885898,2.343402151243175e-05,0.7307692307692307,0.9906627598808919,0.082739809274807
ulb,0.1,0,50.0,0.1,0.05,band,brier,1.0,4,1,4,3,1,0.043590907378789255,0.09615384615384616,0.07692307692307693,1.0,1575.5,0.03687536571094207,0.06110132519771358,0.9990871854885898,2.343402151243175e-05,0.7307692307692307,0.9906627598808919,0.082739809274807
ulb,0.1,1,1.0,0.1,0.05,band,brier,1.0,4,3,4,3,2,0.04647957781761375,0.11538461538461539,0.09615384615384616,0.3333333333333333,2010.5,0.04705785975095965,0.11702452074851581,0.9987360734013669,0.00032808398950131233,0.7692307692307693,0.991650566101808,0.13250020652646827
ulb,0.1,1,2.0,0.1,0.05,band,brier,1.0,4,3,4,3,2,0.04647957781761375,0.11538461538461539,0.09615384615384616,0.3333333333333333,2015.5,0.04717488999157382,0.11720843361749368,0.9987360734013669,0.00032808398950131233,0.7692307692307693,0.991650566101808,0.13250020652646827
ulb,0.1,1,5.0,0.1,0.05,band,brier,1.0,4,3,4,3,2,0.04647957781761375,0.11538461538461539,0.09615384615384616,0.3333333333333333,2030.5,0.04752598071341635,0.11776017222442733,0.9987360734013669,0.00032808398950131233,0.7692307692307693,0.991650566101808,0.13250020652646827
ulb,0.1,1,10.0,0.1,0.05,band,brier,1.0,4,3,4,3,2,0.04647957781761375,0.11538461538461539,0.09615384615384616,0.3333333333333333,2055.5,0.04811113191648722,0.11867973656931675,0.9987360734013669,0.00032808398950131233,0.7692307692307693,0.991650566101808,0.13250020652646827
ulb,0.1,1,20.0,0.1,0.05,band,brier,1.0,4,3,4,3,2,0.04647957781761375,0.11538461538461539,0.09615384615384616,0.3333333333333333,2105.5,0.049281434322628964,0.12051886525909558,0.9987360734013669,0.00032808398950131233,0.7692307692307693,0.991650566101808,0.13250020652646827
ulb,0.1,1,50.0,0.1,0.05,band,brier,1.0,4,3,4,3,2,0.04647957781761375,0.11538461538461539,0.09615384615384616,0.3333333333333333,2255.5,0.05279234154105421,0.12603625132843202,0.9987360734013669,0.00032808398950131233,0.7692307692307693,0.991650566101808,0.13250020652646827
ulb,0.1,2,1.0,0.1,0.05,band,brier,1.0,4,1,4,3,1,0.04760807992329144,0.17307692307692307,0.11538461538461539,0.0,580.5,0.013586892919836162,0.009330975939298033,0.9992042129900527,0.0,0.6538461538461539,0.9969039181055092,0.005990265818045676
ulb,0.1,2,2.0,0.1,0.05,band,brier,1.0,4,1,4,3,1,0.04760807992329144,0.17307692307692307,0.11538461538461539,0.0,586.5,0.013727325921591574,0.009339726249317025,0.9992042129900527,0.0,0.6538461538461539,0.9969039181055092,0.005990265818045676
ulb,0.1,2,5.0,0.1,0.05,band,brier,1.0,4,1,4,3,1,0.04760807992329144,0.17307692307692307,0.11538461538461539,0.0,604.5,0.014148624926857811,0.009365977179374,0.9992042129900527,0.0,0.6538461538461539,0.9969039181055092,0.005990265818045676
ulb,0.1,2,10.0,0.1,0.05,band,brier,1.0,4,1,4,3,1,0.04760807992329144,0.17307692307692307,0.11538461538461539,0.0,634.5,0.014850789935634875,0.00940972872946896,0.9992042129900527,0.0,0.6538461538461539,0.9969039181055092,0.005990265818045676
ulb,0.1,2,20.0,0.1,0.05,band,brier,1.0,4,1,4,3,1,0.04760807992329144,0.17307692307692307,0.11538461538461539,0.0,694.5,0.016255119953189,0.009497231829658878,0.9992042129900527,0.0,0.6538461538461539,0.9969039181055092,0.005990265818045676
ulb,0.1,2,50.0,0.1,0.05,band,brier,1.0,4,1,4,3,1,0.04760807992329144,0.17307692307692307,0.11538461538461539,0.0,874.5,0.020468110005851376,0.009759741130228632,0.9992042129900527,0.0,0.6538461538461539,0.9969039181055092,0.005990265818045676
ulb,0.1,3,1.0,0.1,0.05,band,brier,1.0,4,3,4,3,2,0.04680452187571216,0.23076923076923078,0.07692307692307693,0.3333333333333333,513.0,0.012006740626316528,0.0014567966292609899,0.9990638019004822,2.3433472371936072e-05,0.75,0.9952768227735797,0.0008422234699606962
ulb,0.1,3,2.0,0.1,0.05,band,brier,1.0,4,3,4,3,2,0.04680452187571216,0.23076923076923078,0.07692307692307693,0.3333333333333333,517.0,0.012100360436268314,0.0014630531942147812,0.9990638019004822,2.3433472371936072e-05,0.75,0.9952768227735797,0.0008422234699606962
ulb,0.1,3,5.0,0.1,0.05,band,brier,1.0,4,3,4,3,2,0.04680452187571216,0.23076923076923078,0.07692307692307693,0.3333333333333333,529.0,0.012381219866123672,0.0014818228890761552,0.9990638019004822,2.3433472371936072e-05,0.75,0.9952768227735797,0.0008422234699606962
ulb,0.1,3,10.0,0.1,0.05,band,brier,1.0,4,3,4,3,2,0.04675791921003969,0.23076923076923078,0.07692307692307693,0.3333333333333333,550.5,0.01288442634461452,0.001828831712338497,0.9990638019004822,2.3433472371936072e-05,0.75,0.9954094942699201,0.001029384241063073
ulb,0.1,3,20.0,0.1,0.05,band,brier,1.0,4,3,4,3,2,0.046478032339884096,0.23076923076923078,0.07692307692307693,0.3333333333333333,598.5,0.01400786406403595,0.003444406372855166,0.9990638019004822,2.3433472371936072e-05,0.75,0.9958908558726117,0.0018716077110237693
ulb,0.1,3,50.0,0.1,0.05,band,brier,1.0,4,3,4,3,2,0.04810885476230005,0.23076923076923078,0.07692307692307693,0.3333333333333333,768.0,0.017975003510742875,0.008199881732838461,0.9990638019004822,2.3433472371936072e-05,0.75,0.9887782544378138,0.004585237039915233
ulb,0.1,42,1.0,0.1,0.05,band,brier,1.0,4,3,4,3,1,0.04131334445329773,0.11538461538461539,0.09615384615384616,0.3333333333333333,1333.0,0.031199531889994147,0.06440377757028652,0.9986190754827384,0.00046868043024863497,0.75,0.9348312999968301,0.07637496750889623
ulb,0.1,42,2.0,0.1,0.05,band,brier,1.0,4,3,4,3,1,0.04131334445329773,0.11538461538461539,0.09615384615384616,0.3333333333333333,1338.0,0.03131655939145699,0.0644320249403668,0.9986190754827384,0.00046868043024863497,0.75,0.9348312999968301,0.07637496750889623
ulb,0.1,42,5.0,0.1,0.05,band,brier,1.0,4,3,4,3,1,0.04131334445329773,0.11538461538461539,0.09615384615384616,0.3333333333333333,1353.0,0.031667641895845526,0.06451676705060763,0.9986190754827384,0.00046868043024863497,0.75,0.9348312999968301,0.07637496750889623
ulb,0.1,42,10.0,0.1,0.05,band,brier,1.0,4,3,4,3,1,0.04131334445329773,0.11538461538461539,0.09615384615384616,0.3333333333333333,1378.0,0.032252779403159744,0.06465800390100904,0.9986190754827384,0.00046868043024863497,0.75,0.9348312999968301,0.07637496750889623
ulb,0.1,42,20.0,0.1,0.05,band,brier,1.0,4,3,4,3,1,0.04131334445329773,0.11538461538461539,0.09615384615384616,0.3333333333333333,1428.0,0.03342305441778818,0.06494047760181183,0.9986190754827384,0.00046868043024863497,0.75,0.9348312999968301,0.07637496750889623
ulb,0.1,42,50.0,0.1,0.05,band,brier,1.0,4,3,4,3,1,0.04131334445329773,0.11538461538461539,0.09615384615384616,0.3333333333333333,1578.0,0.036933879461673494,0.06578789870422022,0.9986190754827384,0.00046868043024863497,0.75,0.9348312999968301,0.07637496750889623
ulb,0.5,0,1.0,0.1,0.05,band,brier,1.0,4,4,4,3,2,0.04594657086545523,0.19230769230769232,0.15384615384615385,0.0,896.75,0.02098888238736103,0.03227454718076223,0.9990637799882972,2.343402151243175e-05,0.75,0.9975600738107131,0.032387072126077006
ulb,0.5,0,2.0,0.1,0.05,band,brier,1.0,4,4,4,3,2,0.04594657086545523,0.19230769230769232,0.15384615384615385,0.0,904.75,0.02117612638970158,0.0323410668039403,0.9990637799882972,2.343402151243175e-05,0.75,0.9975600738107131,0.032387072126077006
ulb,0.5,0,5.0,0.1,0.05,band,brier,1.0,4,4,4,3,2,0.04594657086545523,0.19230769230769232,0.15384615384615385,0.0,928.75,0.02173785839672323,0.0325406256734745,0.9990637799882972,2.343402151243175e-05,0.75,0.9975600738107131,0.032387072126077006
ulb,0.5,0,10.0,0.1,0.05,band,brier,1.0,4,4,4,3,2,0.04594657086545523,0.19230769230769232,0.15384615384615385,0.0,968.75,0.02267407840842598,0.03287322378936483,0.9990637799882972,2.343402151243175e-05,0.75,0.9975600738107131,0.032387072126077006
ulb,0.5,0,20.0,0.1,0.05,band,brier,1.0,4,4,4,3,2,0.04594657086545523,0.19230769230769232,0.15384615384615385,0.0,1048.75,0.02454651843183148,0.03353842002114551,0.9990637799882972,2.343402151243175e-05,0.75,0.9975600738107131,0.032387072126077006
ulb,0.5,0,50.0,0.1,0.05,band,brier,1.0,4,4,4,3,2,0.04594657086545523,0.19230769230769232,0.15384615384615385,0.0,1288.75,0.03016383850204798,0.03553400871648752,0.9990637799882972,2.343402151243175e-05,0.75,0.9975600738107131,0.032387072126077006
ulb,0.5,1,1.0,0.1,0.05,band,brier,1.0,4,3,4,3,2,0.03797202078059981,0.057692307692307696,0.038461538461538464,0.6666666666666666,4217.0,0.09870099473376244,0.06702898031775799,0.9984084259801054,0.0006327185808356572,0.7884615384615384,0.7470324191084854,0.34605983705979854
ulb,0.5,1,2.0,0.1,0.05,band,brier,1.0,4,3,4,3,2,0.03797202078059981,0.057692307692307696,0.038461538461538464,0.6666666666666666,4219.0,0.09874780573434758,0.06703843274350241,0.9984084259801054,0.0006327185808356572,0.7884615384615384,0.7470324191084854,0.34605983705979854
ulb,0.5,1,5.0,0.1,0.05,band,brier,1.0,4,3,4,3,2,0.03797202078059981,0.057692307692307696,0.038461538461538464,0.6666666666666666,4225.0,0.09888823873610299,0.06706679002073566,0.9984084259801054,0.0006327185808356572,0.7884615384615384,0.7470324191084854,0.34605983705979854
ulb,0.5,1,10.0,0.1,0.05,band,brier,1.0,4,3,4,3,2,0.03797202078059981,0.057692307692307696,0.038461538461538464,0.6666666666666666,4235.0,0.09912229373902867,0.06711405214945776,0.9984084259801054,0.0006327185808356572,0.7884615384615384,0.7470324191084854,0.34605983705979854
ulb,0.5,1,20.0,0.1,0.05,band,brier,1.0,4,3,4,3,2,0.03797202078059981,0.057692307692307696,0.038461538461538464,0.6666666666666666,4255.0,0.09959040374488004,0.06720857640690193,0.9984084259801054,0.0006327185808356572,0.7884615384615384,0.7470324191084854,0.34605983705979854
ulb,0.5,1,50.0,0.1,0.05,band,brier,1.0,4,3,4,3,2,0.03797202078059981,0.057692307692307696,0.038461538461538464,0.6666666666666666,4315.0,0.10099473376243417,0.06749214917923448,0.9984084259801054,0.0006327185808356572,0.7884615384615384,0.7470324191084854,0.34605983705979854
ulb,0.5,2,1.0,0.1,0.05,band,brier,1.0,4,3,4,3,3,0.04695044824332592,0.22641509433962265,0.11320754716981132,0.3333333333333333,509.5,0.011925381518584402,0.00035434134545951564,0.9991105701713323,0.0,0.7169811320754716,0.9963235903888766,9.377344336084021e-05
ulb,0.5,2,2.0,0.1,0.05,band,brier,1.0,4,3,4,3,3,0.04695044824332592,0.22641509433962265,0.11320754716981132,0.3333333333333333,515.5,0.012065817807321412,0.00038320596895285053,0.9991105701713323,0.0,0.7169811320754716,0.9963235903888766,9.377344336084021e-05
ulb,0.5,2,5.0,0.1,0.05,band,brier,1.0,4,3,4,3,3,0.04695044824332592,0.22641509433962265,0.11320754716981132,0.3333333333333333,533.5,0.012487126673532441,0.00046979983943285517,0.9991105701713323,0.0,0.7169811320754716,0.9963235903888766,9.377344336084021e-05
ulb,0.5,2,10.0,0.1,0.05,band,brier,1.0,4,3,4,3,3,0.04678652650790856,0.22641509433962265,0.11320754716981132,0.3333333333333333,567.75,0.013288783821739538,0.0015778469372528478,0.9991105701713323,0.0,0.7169811320754716,0.9959808558805455,0.00046886721680420104
ulb,0.5,2,20.0,0.1,0.05,band,brier,1.0,4,3,4,3,3,0.04657583612434261,0.22641509433962265,0.11320754716981132,0.3333333333333333,638.5,0.01494476172643011,0.0037335142380756497,0.9991105701713323,0.0,0.7169811320754716,0.9955058537350154,0.0007501875468867217
ulb,0.5,2,50.0,0.1,0.05,band,brier,1.0,4,3,4,3,3,0.04620381658244203,0.22641509433962265,0.11320754716981132,0.3333333333333333,855.5,0.02002387416908529,0.009758453702095042,0.9991105701713323,0.0,0.7169811320754716,0.9969106585976242,0.0036517639101694144
ulb,0.5,3,1.0,0.1,0.05,band,brier,1.0,4,2,4,3,2,0.0443388585180598,0.23076923076923078,0.11538461538461539,0.0,487.75,0.01141603276770041,0.0013545620659379848,0.9989935634874195,9.3736086049727e-05,0.75,0.9779805534289686,0.0007493443237167478
ulb,0.5,3,2.0,0.1,0.05,band,brier,1.0,4,2,4,3,2,0.0443388585180598,0.23076923076923078,0.11538461538461539,0.0,493.75,0.011556465769455822,0.0014165433624064206,0.9989935634874195,9.3736086049727e-05,0.75,0.9779805534289686,0.0007493443237167478
ulb,0.5,3,5.0,0.1,0.05,band,brier,1.0,4,2,4,3,2,0.0443388585180598,0.23076923076923078,0.11538461538461539,0.0,511.75,0.01197776477472206,0.0016024872518117274,0.9989935634874195,9.3736086049727e-05,0.75,0.9779805534289686,0.0007493443237167478
ulb,0.5,3,10.0,0.1,0.05,band,brier,1.0,4,2,4,3,2,0.0441754587852274,0.23076923076923078,0.11538461538461539,0.0,546.0,0.01277940315974254,0.0028587440053034555,0.9989935634874195,9.3736086049727e-05,0.75,0.9787713627184097,0.0011240164855751218
ulb,0.5,3,20.0,0.1,0.05,band,brier,1.0,4,2,4,3,2,0.04403538450196257,0.23076923076923078,0.11538461538461539,0.0,609.5,0.014265652428320655,0.00425110049499231,0.9989935634874195,9.3736086049727e-05,0.75,0.9796075598239818,0.001405020606968902
ulb,0.5,3,50.0,0.1,0.05,band,brier,1.0,4,2,4,3,2,0.04412812677164064,0.23076923076923078,0.11538461538461539,0.0,817.5,0.019133996489174958,0.009816748809592317,0.9989935634874195,9.3736086049727e-05,0.75,0.9783109278314649,0.003278381416260772
ulb,0.5,42,1.0,0.1,0.05,band,brier,1.0,4,4,4,3,3,0.02118360315915102,0.038461538461538464,0.038461538461538464,0.75,10233.25,0.23950873004727802,0.3996678085716305,0.99908720685297,4.6866944743872144e-05,0.7115384615384616,0.5092847487486323,0.5443284818237806
ulb,0.5,42,2.0,0.1,0.05,band,brier,1.0,4,4,4,3,3,0.02118360315915102,0.038461538461538464,0.038461538461538464,0.75,10235.25,0.2395555399522539,0.3996818400091984,0.99908720685297,4.6866944743872144e-05,0.7115384615384616,0.5092847487486323,0.5443284818237806
ulb,0.5,42,5.0,0.1,0.05,band,brier,1.0,4,4,4,3,3,0.02118360315915102,0.038461538461538464,0.038461538461538464,0.75,10241.25,0.23969596966718157,0.39972393432190206,0.99908720685297,4.6866944743872144e-05,0.7115384615384616,0.5092847487486323,0.5443284818237806
ulb,0.5,42,10.0,0.1,0.05,band,brier,1.0,4,4,4,3,3,0.02118360315915102,0.038461538461538464,0.038461538461538464,0.75,10251.25,0.23993001919206103,0.39979409150974154,0.99908720685297,4.6866944743872144e-05,0.7115384615384616,0.5092847487486323,0.5443284818237806
ulb,0.5,42,20.0,0.1,0.05,band,brier,1.0,4,4,4,3,3,0.02118360315915102,0.038461538461538464,0.038461538461538464,0.75,10271.25,0.24039811824181997,0.3999344058854205,0.99908720685297,4.6866944743872144e-05,0.7115384615384616,0.5092847487486323,0.5443284818237806
ulb,0.5,42,50.0,0.1,0.05,band,brier,1.0,4,4,4,3,3,0.02118360315915102,0.038461538461538464,0.038461538461538464,0.75,10331.25,0.24180241539109676,0.40035534901245734,0.99908720685297,4.6866944743872144e-05,0.7115384615384616,0.5092847487486323,0.5443284818237806
